code_anon,timestamp
1,2023-03-04 13:08:25.830
115,2023-03-04 13:10:27.472
134,2023-03-04 13:10:27.805
181,2023-03-04 13:10:28.323
183,2023-03-04 13:10:28.560
179,2023-03-04 13:10:28.501
30,2023-03-04 13:10:28.723
148,2023-03-04 13:10:28.766
66,2023-03-04 13:10:29.133
44,2023-03-04 13:10:28.918
72,2023-03-04 13:10:29.169
21,2023-03-04 13:10:29.258
32,2023-03-04 13:10:29.024
12,2023-03-04 13:10:29.035
149,2023-03-04 13:10:29.306
132,2023-03-04 13:10:29.188
100,2023-03-04 13:10:29.368
87,2023-03-04 13:10:29.636
98,2023-03-04 13:10:29.771
121,2023-03-04 13:10:29.819
50,2023-03-04 13:10:29.637
47,2023-03-04 13:10:29.725
33,2023-03-04 13:10:29.930
124,2023-03-04 13:10:30.004
157,2023-03-04 13:10:30.025
22,2023-03-04 13:10:30.056
85,2023-03-04 13:10:30.159
5,2023-03-04 13:10:29.971
154,2023-03-04 13:10:30.204
93,2023-03-04 13:10:30.303
42,2023-03-04 13:10:30.195
174,2023-03-04 13:10:30.410
113,2023-03-04 13:10:30.495
137,2023-03-04 13:10:30.245
4,2023-03-04 13:10:30.588
125,2023-03-04 13:10:30.746
145,2023-03-04 13:10:30.764
187,2023-03-04 13:10:30.522
58,2023-03-04 13:10:30.783
16,2023-03-04 13:10:30.805
139,2023-03-04 13:10:30.966
135,2023-03-04 13:10:30.990
54,2023-03-04 13:10:31.044
28,2023-03-04 13:10:31.096
73,2023-03-04 13:10:32.686
71,2023-03-04 13:10:32.950
165,2023-03-04 13:10:33.158
59,2023-03-04 13:10:33.390
11,2023-03-04 13:10:33.402
156,2023-03-04 13:10:33.295
144,2023-03-04 13:10:33.496
31,2023-03-04 13:10:33.843
41,2023-03-04 13:10:33.622
63,2023-03-04 13:10:33.906
107,2023-03-04 13:10:33.775
160,2023-03-04 13:10:34.102
10,2023-03-04 13:10:36.030
103,2023-03-04 13:10:36.319
0,2023-03-04 13:10:36.735
43,2023-03-04 13:10:36.565
173,2023-03-04 13:10:37.221
89,2023-03-04 13:10:37.754
57,2023-03-04 13:10:37.803
99,2023-03-04 13:10:37.801
56,2023-03-04 13:10:38.113
26,2023-03-04 13:10:38.473
126,2023-03-04 13:10:38.706
153,2023-03-04 13:10:39.037
117,2023-03-04 13:10:39.011
6,2023-03-04 13:10:39.407
133,2023-03-04 13:10:39.214
64,2023-03-04 13:10:39.599
23,2023-03-04 13:10:39.803
46,2023-03-04 13:10:40.007
18,2023-03-04 13:10:40.140
184,2023-03-04 13:10:40.551
116,2023-03-04 13:10:40.500
8,2023-03-04 13:10:40.812
92,2023-03-04 13:10:40.964
104,2023-03-04 13:10:40.834
75,2023-03-04 13:10:40.910
40,2023-03-04 13:10:41.104
110,2023-03-04 13:10:42.972
79,2023-03-04 13:10:43.585
70,2023-03-04 13:10:43.651
123,2023-03-04 13:10:43.757
3,2023-03-04 13:10:43.774
101,2023-03-04 13:10:43.851
127,2023-03-04 13:10:44.017
130,2023-03-04 13:10:44.051
119,2023-03-04 13:10:44.274
76,2023-03-04 13:10:44.521
45,2023-03-04 13:10:45.303
19,2023-03-04 13:10:46.061
14,2023-03-04 13:10:46.886
118,2023-03-04 13:10:47.025
178,2023-03-04 13:10:48.738
176,2023-03-04 13:10:50.007
175,2023-03-04 13:10:51.771
51,2023-03-04 13:10:51.915
172,2023-03-04 13:10:52.675
129,2023-03-04 13:10:54.443
24,2023-03-04 13:10:56.225
61,2023-03-04 13:11:04.906
102,2023-03-04 13:11:08.064
166,2023-03-04 13:11:14.790
108,2023-03-04 13:11:32.458
74,2023-03-04 13:11:54.012
17,2023-03-04 13:12:49.756
96,2023-03-04 13:12:50.425
94,2023-03-04 13:12:50.702
122,2023-03-04 13:14:12.977
64,2023-03-04 13:20:36.638
100,2023-03-04 13:20:41.160
183,2023-03-04 13:20:46.078
98,2023-03-04 13:20:46.522
87,2023-03-04 13:20:46.826
12,2023-03-04 13:20:46.992
50,2023-03-04 13:20:47.116
22,2023-03-04 13:20:47.191
117,2023-03-04 13:20:47.211
181,2023-03-04 13:20:47.397
21,2023-03-04 13:20:47.394
30,2023-03-04 13:20:47.498
154,2023-03-04 13:20:47.515
115,2023-03-04 13:20:47.570
57,2023-03-04 13:20:47.452
93,2023-03-04 13:20:47.706
179,2023-03-04 13:20:47.735
47,2023-03-04 13:20:47.827
187,2023-03-04 13:20:47.819
125,2023-03-04 13:20:47.809
121,2023-03-04 13:20:47.638
85,2023-03-04 13:20:47.925
16,2023-03-04 13:20:47.961
32,2023-03-04 13:20:47.994
0,2023-03-04 13:20:48.099
72,2023-03-04 13:20:48.111
132,2023-03-04 13:20:48.096
157,2023-03-04 13:20:47.957
145,2023-03-04 13:20:48.188
5,2023-03-04 13:20:48.204
134,2023-03-04 13:20:48.196
44,2023-03-04 13:20:48.347
137,2023-03-04 13:20:48.351
149,2023-03-04 13:20:48.404
71,2023-03-04 13:20:48.463
124,2023-03-04 13:20:48.434
42,2023-03-04 13:20:48.432
28,2023-03-04 13:20:48.703
66,2023-03-04 13:20:48.533
73,2023-03-04 13:20:48.751
113,2023-03-04 13:20:48.804
4,2023-03-04 13:20:48.594
156,2023-03-04 13:20:48.633
10,2023-03-04 13:20:48.858
41,2023-03-04 13:20:48.730
56,2023-03-04 13:20:48.964
135,2023-03-04 13:20:48.991
165,2023-03-04 13:20:49.143
26,2023-03-04 13:20:49.200
133,2023-03-04 13:20:49.189
31,2023-03-04 13:20:49.390
144,2023-03-04 13:20:49.269
11,2023-03-04 13:20:49.448
33,2023-03-04 13:20:49.725
173,2023-03-04 13:20:49.537
148,2023-03-04 13:20:49.655
153,2023-03-04 13:20:49.682
6,2023-03-04 13:20:49.727
139,2023-03-04 13:20:49.856
54,2023-03-04 13:20:49.945
174,2023-03-04 13:20:49.956
8,2023-03-04 13:20:50.155
104,2023-03-04 13:20:50.201
92,2023-03-04 13:20:50.372
40,2023-03-04 13:20:50.361
99,2023-03-04 13:20:50.553
63,2023-03-04 13:20:50.804
126,2023-03-04 13:20:51.194
43,2023-03-04 13:20:51.422
116,2023-03-04 13:20:51.545
18,2023-03-04 13:20:51.858
103,2023-03-04 13:20:52.141
23,2023-03-04 13:20:53.288
89,2023-03-04 13:20:53.108
127,2023-03-04 13:20:53.945
46,2023-03-04 13:20:54.458
160,2023-03-04 13:20:55.396
59,2023-03-04 13:20:55.440
58,2023-03-04 13:20:56.296
107,2023-03-04 13:20:56.610
76,2023-03-04 13:21:34.061
130,2023-03-04 13:21:34.305
70,2023-03-04 13:21:34.629
184,2023-03-04 13:21:35.089
119,2023-03-04 13:21:35.681
123,2023-03-04 13:21:35.823
45,2023-03-04 13:21:55.173
3,2023-03-04 13:22:07.304
79,2023-03-04 13:22:08.490
14,2023-03-04 13:22:19.267
178,2023-03-04 13:22:19.520
176,2023-03-04 13:22:19.747
75,2023-03-04 13:22:19.989
101,2023-03-04 13:22:20.196
110,2023-03-04 13:22:47.147
118,2023-03-04 13:22:51.266
19,2023-03-04 13:22:51.871
172,2023-03-04 13:23:03.750
51,2023-03-04 13:23:04.028
129,2023-03-04 13:23:04.360
166,2023-03-04 13:23:21.952
24,2023-03-04 13:23:22.165
175,2023-03-04 13:23:26.122
61,2023-03-04 13:23:29.900
102,2023-03-04 13:24:19.308
159,2023-03-04 13:24:54.417
108,2023-03-04 13:25:00.411
82,2023-03-04 13:25:34.927
74,2023-03-04 13:25:47.659
96,2023-03-04 13:28:32.065
108,2023-03-04 13:28:36.582
36,2023-03-04 13:28:40.028
74,2023-03-04 13:29:24.524
115,2023-03-04 13:30:45.706
16,2023-03-04 13:30:46.539
42,2023-03-04 13:30:47.561
0,2023-03-04 13:30:47.856
154,2023-03-04 13:30:47.876
4,2023-03-04 13:30:47.906
72,2023-03-04 13:30:48.151
181,2023-03-04 13:30:48.143
179,2023-03-04 13:30:48.224
125,2023-03-04 13:30:48.461
85,2023-03-04 13:30:48.495
66,2023-03-04 13:30:48.438
183,2023-03-04 13:30:48.685
30,2023-03-04 13:30:48.755
57,2023-03-04 13:30:48.582
87,2023-03-04 13:30:48.835
149,2023-03-04 13:30:48.919
21,2023-03-04 13:30:49.093
44,2023-03-04 13:30:48.963
50,2023-03-04 13:30:48.969
73,2023-03-04 13:30:49.218
157,2023-03-04 13:30:49.265
93,2023-03-04 13:30:49.334
124,2023-03-04 13:30:49.174
134,2023-03-04 13:30:49.427
32,2023-03-04 13:30:49.501
121,2023-03-04 13:30:49.223
187,2023-03-04 13:30:49.601
12,2023-03-04 13:30:49.683
63,2023-03-04 13:30:49.882
132,2023-03-04 13:30:49.669
100,2023-03-04 13:30:49.816
11,2023-03-04 13:30:50.002
41,2023-03-04 13:30:49.986
22,2023-03-04 13:30:50.091
56,2023-03-04 13:30:50.490
148,2023-03-04 13:30:50.212
47,2023-03-04 13:30:50.301
71,2023-03-04 13:30:50.668
117,2023-03-04 13:30:51.108
156,2023-03-04 13:30:50.902
5,2023-03-04 13:30:50.923
113,2023-03-04 13:30:51.221
145,2023-03-04 13:30:51.291
135,2023-03-04 13:30:51.601
173,2023-03-04 13:30:51.582
64,2023-03-04 13:30:51.925
174,2023-03-04 13:30:52.192
137,2023-03-04 13:30:52.323
165,2023-03-04 13:30:52.367
139,2023-03-04 13:30:52.773
6,2023-03-04 13:30:53.031
33,2023-03-04 13:30:53.493
98,2023-03-04 13:30:53.262
10,2023-03-04 13:30:53.837
153,2023-03-04 13:30:54.031
144,2023-03-04 13:30:54.170
28,2023-03-04 13:30:54.449
89,2023-03-04 13:30:56.070
133,2023-03-04 13:30:56.394
26,2023-03-04 13:30:56.932
18,2023-03-04 13:30:57.886
99,2023-03-04 13:30:58.100
126,2023-03-04 13:30:58.340
23,2023-03-04 13:30:58.371
8,2023-03-04 13:30:58.515
92,2023-03-04 13:30:59.694
104,2023-03-04 13:30:59.938
43,2023-03-04 13:31:00.164
31,2023-03-04 13:31:00.391
127,2023-03-04 13:31:22.678
54,2023-03-04 13:31:22.970
103,2023-03-04 13:31:23.024
116,2023-03-04 13:31:23.126
40,2023-03-04 13:31:28.128
160,2023-03-04 13:31:46.965
46,2023-03-04 13:32:05.741
58,2023-03-04 13:32:22.754
107,2023-03-04 13:32:34.235
130,2023-03-04 13:32:48.324
59,2023-03-04 13:32:48.117
76,2023-03-04 13:32:48.531
119,2023-03-04 13:32:48.721
70,2023-03-04 13:32:48.797
123,2023-03-04 13:32:49.134
14,2023-03-04 13:33:51.091
178,2023-03-04 13:33:51.239
79,2023-03-04 13:33:51.548
101,2023-03-04 13:33:51.915
184,2023-03-04 13:33:52.028
3,2023-03-04 13:33:52.468
75,2023-03-04 13:33:52.816
176,2023-03-04 13:33:52.681
45,2023-03-04 13:33:53.158
110,2023-03-04 13:35:16.980
129,2023-03-04 13:35:17.692
118,2023-03-04 13:35:18.524
172,2023-03-04 13:35:18.673
19,2023-03-04 13:35:29.201
51,2023-03-04 13:35:38.878
166,2023-03-04 13:36:05.833
61,2023-03-04 13:36:06.328
24,2023-03-04 13:36:11.002
175,2023-03-04 13:37:45.048
81,2023-03-04 13:38:49.297
52,2023-03-04 13:38:49.501
81,2023-03-04 13:39:04.841
52,2023-03-04 13:39:06.000
32,2023-03-04 13:41:03.774
30,2023-03-04 13:41:03.909
42,2023-03-04 13:41:04.477
16,2023-03-04 13:41:05.243
115,2023-03-04 13:41:05.508
135,2023-03-04 13:41:05.744
117,2023-03-04 13:41:06.039
50,2023-03-04 13:41:06.223
181,2023-03-04 13:41:06.441
72,2023-03-04 13:41:06.927
179,2023-03-04 13:41:07.440
93,2023-03-04 13:41:07.621
21,2023-03-04 13:41:07.841
85,2023-03-04 13:41:08.052
44,2023-03-04 13:41:08.255
154,2023-03-04 13:41:08.320
66,2023-03-04 13:41:08.479
157,2023-03-04 13:41:08.664
121,2023-03-04 13:41:08.652
0,2023-03-04 13:41:08.936
56,2023-03-04 13:41:09.159
125,2023-03-04 13:41:09.170
183,2023-03-04 13:41:09.419
187,2023-03-04 13:41:09.663
132,2023-03-04 13:41:09.935
87,2023-03-04 13:41:09.965
145,2023-03-04 13:41:10.081
22,2023-03-04 13:41:10.186
149,2023-03-04 13:41:10.406
156,2023-03-04 13:41:10.504
47,2023-03-04 13:41:10.711
63,2023-03-04 13:41:10.911
33,2023-03-04 13:41:11.016
165,2023-03-04 13:41:11.216
144,2023-03-04 13:41:11.346
10,2023-03-04 13:41:11.583
12,2023-03-04 13:41:11.384
174,2023-03-04 13:41:11.550
71,2023-03-04 13:41:11.806
4,2023-03-04 13:41:11.998
148,2023-03-04 13:41:12.193
100,2023-03-04 13:41:12.481
113,2023-03-04 13:41:12.566
11,2023-03-04 13:41:12.462
134,2023-03-04 13:41:12.709
57,2023-03-04 13:41:12.619
8,2023-03-04 13:41:12.691
64,2023-03-04 13:41:12.907
153,2023-03-04 13:41:12.795
173,2023-03-04 13:41:12.825
73,2023-03-04 13:41:13.038
124,2023-03-04 13:41:13.135
98,2023-03-04 13:41:12.956
137,2023-03-04 13:41:13.080
41,2023-03-04 13:41:13.486
5,2023-03-04 13:41:13.311
28,2023-03-04 13:41:13.674
89,2023-03-04 13:41:15.489
26,2023-03-04 13:41:15.882
6,2023-03-04 13:41:15.708
18,2023-03-04 13:41:22.995
99,2023-03-04 13:41:23.632
126,2023-03-04 13:41:24.154
133,2023-03-04 13:41:24.388
23,2023-03-04 13:41:39.835
92,2023-03-04 13:42:04.760
78,2023-03-04 13:42:16.325
43,2023-03-04 13:42:39.219
54,2023-03-04 13:42:57.154
104,2023-03-04 13:42:57.403
127,2023-03-04 13:42:58.047
40,2023-03-04 13:42:58.314
103,2023-03-04 13:42:58.632
116,2023-03-04 13:42:58.932
108,2023-03-04 13:43:05.947
76,2023-03-04 13:44:08.906
107,2023-03-04 13:44:09.165
59,2023-03-04 13:44:09.337
130,2023-03-04 13:44:09.583
70,2023-03-04 13:44:09.831
119,2023-03-04 13:44:10.661
123,2023-03-04 13:44:10.485
160,2023-03-04 13:44:11.023
46,2023-03-04 13:44:11.391
58,2023-03-04 13:44:38.248
60,2023-03-04 13:44:56.490
122,2023-03-04 13:46:17.325
31,2023-03-04 13:47:37.440
115,2023-03-04 13:51:20.922
73,2023-03-04 13:51:21.812
132,2023-03-04 13:51:22.013
21,2023-03-04 13:51:22.273
183,2023-03-04 13:51:22.497
154,2023-03-04 13:51:22.639
50,2023-03-04 13:51:22.657
137,2023-03-04 13:51:22.856
179,2023-03-04 13:51:22.966
72,2023-03-04 13:51:23.101
30,2023-03-04 13:51:23.252
125,2023-03-04 13:51:23.326
100,2023-03-04 13:51:23.511
71,2023-03-04 13:51:23.547
66,2023-03-04 13:51:23.653
44,2023-03-04 13:51:23.589
157,2023-03-04 13:51:23.716
181,2023-03-04 13:51:23.901
57,2023-03-04 13:51:23.863
22,2023-03-04 13:51:23.891
124,2023-03-04 13:51:24.223
187,2023-03-04 13:51:24.249
5,2023-03-04 13:51:24.075
87,2023-03-04 13:51:24.497
174,2023-03-04 13:51:24.593
64,2023-03-04 13:51:24.381
41,2023-03-04 13:51:24.521
121,2023-03-04 13:51:24.739
12,2023-03-04 13:51:24.891
47,2023-03-04 13:51:24.741
98,2023-03-04 13:51:24.953
145,2023-03-04 13:51:24.722
173,2023-03-04 13:51:25.180
42,2023-03-04 13:51:25.300
156,2023-03-04 13:51:25.102
85,2023-03-04 13:51:25.452
144,2023-03-04 13:51:25.378
56,2023-03-04 13:51:25.595
16,2023-03-04 13:51:25.862
4,2023-03-04 13:51:25.685
149,2023-03-04 13:51:25.868
117,2023-03-04 13:51:26.139
135,2023-03-04 13:51:26.167
113,2023-03-04 13:51:26.044
93,2023-03-04 13:51:26.428
28,2023-03-04 13:51:26.257
153,2023-03-04 13:51:26.404
33,2023-03-04 13:51:26.714
0,2023-03-04 13:51:26.558
8,2023-03-04 13:51:26.793
10,2023-03-04 13:51:26.935
165,2023-03-04 13:51:27.402
148,2023-03-04 13:51:27.239
63,2023-03-04 13:51:27.908
32,2023-03-04 13:51:27.669
134,2023-03-04 13:51:28.114
89,2023-03-04 13:51:49.470
6,2023-03-04 13:51:49.679
26,2023-03-04 13:51:50.610
18,2023-03-04 13:52:15.717
133,2023-03-04 13:52:15.960
99,2023-03-04 13:52:16.321
11,2023-03-04 13:52:16.636
126,2023-03-04 13:53:57.188
23,2023-03-04 13:53:58.833
103,2023-03-04 13:54:21.596
40,2023-03-04 13:54:21.946
43,2023-03-04 13:54:22.896
127,2023-03-04 13:54:23.118
54,2023-03-04 13:54:23.493
116,2023-03-04 13:54:25.158
92,2023-03-04 13:54:27.492
104,2023-03-04 13:54:28.853
104,2023-03-04 13:56:03.259
40,2023-03-04 13:56:13.211
123,2023-03-04 13:56:54.529
115,2023-03-04 14:02:01.806
124,2023-03-04 14:02:02.000
57,2023-03-04 14:02:02.818
30,2023-03-04 14:02:03.144
154,2023-03-04 14:02:03.549
100,2023-03-04 14:02:03.354
72,2023-03-04 14:02:04.015
21,2023-03-04 14:02:04.103
117,2023-03-04 14:02:03.800
179,2023-03-04 14:02:04.015
50,2023-03-04 14:02:04.269
125,2023-03-04 14:02:04.222
66,2023-03-04 14:02:04.465
85,2023-03-04 14:02:04.688
87,2023-03-04 14:02:05.093
121,2023-03-04 14:02:04.899
44,2023-03-04 14:02:05.240
32,2023-03-04 14:02:05.436
181,2023-03-04 14:02:05.687
16,2023-03-04 14:02:05.951
157,2023-03-04 14:02:06.124
12,2023-03-04 14:02:07.041
174,2023-03-04 14:02:07.078
149,2023-03-04 14:02:07.360
22,2023-03-04 14:02:07.404
145,2023-03-04 14:02:07.292
5,2023-03-04 14:02:07.747
132,2023-03-04 14:02:07.864
41,2023-03-04 14:02:08.135
187,2023-03-04 14:02:08.950
4,2023-03-04 14:02:09.303
156,2023-03-04 14:02:09.525
56,2023-03-04 14:02:09.776
165,2023-03-04 14:02:09.972
73,2023-03-04 14:02:10.472
173,2023-03-04 14:02:10.672
137,2023-03-04 14:02:10.728
0,2023-03-04 14:02:10.810
183,2023-03-04 14:02:10.995
28,2023-03-04 14:02:11.011
42,2023-03-04 14:02:11.203
98,2023-03-04 14:02:10.997
64,2023-03-04 14:02:11.099
148,2023-03-04 14:02:11.406
71,2023-03-04 14:02:11.457
144,2023-03-04 14:02:11.691
135,2023-03-04 14:02:12.067
47,2023-03-04 14:02:11.950
153,2023-03-04 14:02:12.238
93,2023-03-04 14:02:12.278
113,2023-03-04 14:02:13.498
8,2023-03-04 14:02:13.704
63,2023-03-04 14:02:15.702
134,2023-03-04 14:02:16.459
33,2023-03-04 14:02:17.393
10,2023-03-04 14:02:19.863
89,2023-03-04 14:03:05.749
6,2023-03-04 14:03:05.752
26,2023-03-04 14:03:09.059
18,2023-03-04 14:03:35.969
11,2023-03-04 14:03:37.501
99,2023-03-04 14:03:37.752
89,2023-03-04 14:03:37.718
133,2023-03-04 14:03:38.066
6,2023-03-04 14:03:47.651
26,2023-03-04 14:03:55.692
78,2023-03-04 14:04:31.788
6,2023-03-04 14:05:06.183
99,2023-03-04 14:05:30.475
13,2023-03-04 14:05:42.365
80,2023-03-04 14:06:08.656
126,2023-03-04 14:07:28.596
151,2023-03-04 14:07:39.600
163,2023-03-04 14:08:13.584
168,2023-03-04 14:10:25.730
1,2023-03-04 14:10:42.154
105,2023-03-04 14:11:00.541
109,2023-03-04 14:11:06.237
21,2023-03-04 14:13:13.051
154,2023-03-04 14:13:14.220
64,2023-03-04 14:13:14.012
72,2023-03-04 14:13:14.395
115,2023-03-04 14:13:14.592
30,2023-03-04 14:13:14.804
148,2023-03-04 14:13:14.944
100,2023-03-04 14:13:15.016
32,2023-03-04 14:13:17.397
22,2023-03-04 14:13:17.428
183,2023-03-04 14:13:18.320
125,2023-03-04 14:13:18.371
16,2023-03-04 14:13:18.785
85,2023-03-04 14:13:19.025
132,2023-03-04 14:13:18.881
66,2023-03-04 14:13:18.972
87,2023-03-04 14:13:19.248
181,2023-03-04 14:13:19.303
57,2023-03-04 14:13:19.103
121,2023-03-04 14:13:19.482
5,2023-03-04 14:13:19.531
149,2023-03-04 14:13:19.815
50,2023-03-04 14:13:19.903
179,2023-03-04 14:13:20.071
44,2023-03-04 14:13:20.237
157,2023-03-04 14:13:20.437
137,2023-03-04 14:13:20.940
174,2023-03-04 14:13:21.475
145,2023-03-04 14:13:21.525
0,2023-03-04 14:13:21.861
56,2023-03-04 14:13:22.083
47,2023-03-04 14:13:22.195
187,2023-03-04 14:13:22.242
71,2023-03-04 14:13:22.382
41,2023-03-04 14:13:22.514
73,2023-03-04 14:13:22.807
124,2023-03-04 14:13:22.762
93,2023-03-04 14:13:23.018
117,2023-03-04 14:13:23.374
12,2023-03-04 14:13:23.208
165,2023-03-04 14:13:23.325
42,2023-03-04 14:13:23.626
173,2023-03-04 14:13:23.711
135,2023-03-04 14:13:24.030
28,2023-03-04 14:13:25.196
98,2023-03-04 14:13:25.145
4,2023-03-04 14:13:25.463
113,2023-03-04 14:13:25.775
33,2023-03-04 14:13:25.978
63,2023-03-04 14:13:27.235
144,2023-03-04 14:13:27.799
153,2023-03-04 14:13:27.784
156,2023-03-04 14:13:27.868
8,2023-03-04 14:13:28.026
134,2023-03-04 14:13:28.994
18,2023-03-04 14:14:44.120
10,2023-03-04 14:15:25.078
99,2023-03-04 14:15:39.211
35,2023-03-04 14:15:41.879
62,2023-03-04 14:16:25.777
122,2023-03-04 14:16:25.754
104,2023-03-04 14:16:42.003
185,2023-03-04 14:16:44.549
53,2023-03-04 14:16:44.537
186,2023-03-04 14:16:44.830
29,2023-03-04 14:17:38.414
54,2023-03-04 14:18:02.894
49,2023-03-04 14:18:07.845
37,2023-03-04 14:18:33.239
82,2023-03-04 14:20:37.460
111,2023-03-04 14:21:15.274
182,2023-03-04 14:21:15.254
15,2023-03-04 14:21:15.679
88,2023-03-04 14:21:28.237
188,2023-03-04 14:21:37.107
168,2023-03-04 14:23:01.164
115,2023-03-04 14:23:53.499
64,2023-03-04 14:23:53.716
32,2023-03-04 14:23:54.600
30,2023-03-04 14:23:54.644
100,2023-03-04 14:23:54.585
50,2023-03-04 14:23:54.814
66,2023-03-04 14:23:54.767
125,2023-03-04 14:23:55.017
72,2023-03-04 14:23:55.222
5,2023-03-04 14:23:55.442
56,2023-03-04 14:23:55.691
21,2023-03-04 14:23:56.187
44,2023-03-04 14:23:55.991
137,2023-03-04 14:23:56.316
157,2023-03-04 14:23:56.551
57,2023-03-04 14:23:56.746
87,2023-03-04 14:23:56.958
117,2023-03-04 14:23:57.067
22,2023-03-04 14:23:57.121
187,2023-03-04 14:23:57.426
179,2023-03-04 14:23:57.318
135,2023-03-04 14:23:57.609
41,2023-03-04 14:23:57.605
124,2023-03-04 14:23:57.862
0,2023-03-04 14:23:57.995
121,2023-03-04 14:23:58.083
183,2023-03-04 14:23:58.410
156,2023-03-04 14:23:58.234
132,2023-03-04 14:23:58.627
73,2023-03-04 14:24:00.443
149,2023-03-04 14:24:00.384
8,2023-03-04 14:24:00.641
12,2023-03-04 14:24:01.370
16,2023-03-04 14:24:01.496
98,2023-03-04 14:24:01.383
154,2023-03-04 14:24:01.834
181,2023-03-04 14:24:01.713
174,2023-03-04 14:24:02.008
144,2023-03-04 14:24:01.840
71,2023-03-04 14:24:02.218
148,2023-03-04 14:24:01.992
93,2023-03-04 14:24:02.233
47,2023-03-04 14:24:02.086
145,2023-03-04 14:24:02.227
4,2023-03-04 14:24:02.460
165,2023-03-04 14:24:02.409
173,2023-03-04 14:24:02.599
42,2023-03-04 14:24:02.617
85,2023-03-04 14:24:02.867
28,2023-03-04 14:24:03.116
153,2023-03-04 14:24:03.456
33,2023-03-04 14:24:04.353
63,2023-03-04 14:24:04.595
113,2023-03-04 14:24:06.355
134,2023-03-04 14:26:09.955
150,2023-03-04 14:26:22.870
114,2023-03-04 14:26:24.599
171,2023-03-04 14:26:47.531
120,2023-03-04 14:26:47.517
136,2023-03-04 14:26:47.750
69,2023-03-04 14:26:48.156
138,2023-03-04 14:26:49.037
141,2023-03-04 14:26:49.197
162,2023-03-04 14:26:49.800
84,2023-03-04 14:26:51.498
159,2023-03-04 14:26:57.599
52,2023-03-04 14:27:01.724
25,2023-03-04 14:27:06.128
34,2023-03-04 14:27:06.214
177,2023-03-04 14:27:09.506
131,2023-03-04 14:27:09.656
77,2023-03-04 14:27:14.091
38,2023-03-04 14:27:18.144
68,2023-03-04 14:27:20.126
103,2023-03-04 14:28:34.635
34,2023-03-04 14:28:49.280
25,2023-03-04 14:28:49.325
140,2023-03-04 14:28:52.539
97,2023-03-04 14:28:52.564
9,2023-03-04 14:28:52.926
177,2023-03-04 14:29:20.645
167,2023-03-04 14:29:24.944
35,2023-03-04 14:29:33.965
80,2023-03-04 14:29:41.355
80,2023-03-04 14:31:02.201
35,2023-03-04 14:31:06.178
52,2023-03-04 14:31:19.134
29,2023-03-04 14:31:36.181
95,2023-03-04 14:31:36.458
88,2023-03-04 14:31:40.793
78,2023-03-04 14:32:08.127
80,2023-03-04 14:32:43.951
86,2023-03-04 14:32:50.093
20,2023-03-04 14:32:50.872
52,2023-03-04 14:33:07.955
97,2023-03-04 14:33:09.893
80,2023-03-04 14:33:47.977
117,2023-03-04 14:34:39.958
30,2023-03-04 14:34:47.806
154,2023-03-04 14:34:47.997
115,2023-03-04 14:34:48.075
0,2023-03-04 14:34:48.173
179,2023-03-04 14:34:48.197
137,2023-03-04 14:34:48.594
100,2023-03-04 14:34:48.761
22,2023-03-04 14:34:49.109
125,2023-03-04 14:34:48.952
148,2023-03-04 14:34:49.307
42,2023-03-04 14:34:49.537
124,2023-03-04 14:34:49.693
44,2023-03-04 14:34:49.525
72,2023-03-04 14:34:49.782
21,2023-03-04 14:34:49.930
56,2023-03-04 14:34:50.197
66,2023-03-04 14:34:50.017
135,2023-03-04 14:34:50.271
50,2023-03-04 14:34:50.119
87,2023-03-04 14:34:50.463
57,2023-03-04 14:34:50.603
16,2023-03-04 14:34:50.889
157,2023-03-04 14:34:51.119
187,2023-03-04 14:34:51.436
149,2023-03-04 14:34:51.440
183,2023-03-04 14:34:51.625
5,2023-03-04 14:34:51.887
174,2023-03-04 14:34:52.388
32,2023-03-04 14:34:52.579
85,2023-03-04 14:34:52.833
64,2023-03-04 14:34:52.979
73,2023-03-04 14:34:53.000
93,2023-03-04 14:34:53.482
121,2023-03-04 14:34:53.329
132,2023-03-04 14:34:54.229
41,2023-03-04 14:34:54.416
4,2023-03-04 14:34:54.601
98,2023-03-04 14:34:55.103
71,2023-03-04 14:34:55.259
145,2023-03-04 14:34:55.450
47,2023-03-04 14:34:55.677
173,2023-03-04 14:34:55.774
8,2023-03-04 14:34:56.019
165,2023-03-04 14:34:59.117
63,2023-03-04 14:34:59.628
144,2023-03-04 14:34:59.984
28,2023-03-04 14:35:00.632
33,2023-03-04 14:35:00.509
153,2023-03-04 14:35:00.966
156,2023-03-04 14:35:01.183
12,2023-03-04 14:35:01.806
181,2023-03-04 14:35:02.076
113,2023-03-04 14:35:04.734
35,2023-03-04 14:35:35.211
25,2023-03-04 14:35:40.197
34,2023-03-04 14:35:40.302
67,2023-03-04 14:36:02.891
177,2023-03-04 14:36:35.363
90,2023-03-04 14:36:42.961
9,2023-03-04 14:36:43.604
106,2023-03-04 14:36:43.637
86,2023-03-04 14:36:46.245
122,2023-03-04 14:36:49.473
65,2023-03-04 14:36:50.873
180,2023-03-04 14:36:53.479
83,2023-03-04 14:36:56.109
29,2023-03-04 14:37:04.512
177,2023-03-04 14:37:07.425
82,2023-03-04 14:37:13.504
2,2023-03-04 14:37:32.401
84,2023-03-04 14:37:32.740
29,2023-03-04 14:37:42.382
168,2023-03-04 14:37:58.773
48,2023-03-04 14:38:02.355
142,2023-03-04 14:38:04.289
82,2023-03-04 14:38:31.505
80,2023-03-04 14:38:49.970
52,2023-03-04 14:38:52.071
143,2023-03-04 14:38:52.527
38,2023-03-04 14:38:58.971
88,2023-03-04 14:39:04.352
147,2023-03-04 14:39:06.444
164,2023-03-04 14:39:06.974
86,2023-03-04 14:40:50.829
183,2023-03-04 14:44:54.921
121,2023-03-04 14:44:55.289
42,2023-03-04 14:44:55.340
50,2023-03-04 14:44:55.537
66,2023-03-04 14:44:55.546
30,2023-03-04 14:44:56.132
125,2023-03-04 14:44:56.149
115,2023-03-04 14:44:56.340
72,2023-03-04 14:44:56.748
187,2023-03-04 14:44:56.962
148,2023-03-04 14:44:57.079
179,2023-03-04 14:44:57.129
87,2023-03-04 14:44:57.219
32,2023-03-04 14:44:57.273
44,2023-03-04 14:44:57.140
56,2023-03-04 14:44:57.769
100,2023-03-04 14:44:58.042
124,2023-03-04 14:44:58.986
63,2023-03-04 14:44:59.934
157,2023-03-04 14:44:59.873
154,2023-03-04 14:45:00.652
117,2023-03-04 14:45:00.745
0,2023-03-04 14:45:00.976
47,2023-03-04 14:45:01.243
64,2023-03-04 14:45:01.390
16,2023-03-04 14:45:02.386
174,2023-03-04 14:45:02.446
21,2023-03-04 14:45:02.956
22,2023-03-04 14:45:03.282
149,2023-03-04 14:45:03.860
73,2023-03-04 14:45:04.203
135,2023-03-04 14:45:04.282
137,2023-03-04 14:45:04.176
156,2023-03-04 14:45:04.234
93,2023-03-04 14:45:04.843
41,2023-03-04 14:45:04.634
4,2023-03-04 14:45:05.128
132,2023-03-04 14:45:05.254
5,2023-03-04 14:45:05.395
85,2023-03-04 14:45:05.619
57,2023-03-04 14:45:06.036
71,2023-03-04 14:45:06.184
173,2023-03-04 14:45:10.549
98,2023-03-04 14:45:15.010
8,2023-03-04 14:45:17.369
33,2023-03-04 14:45:22.526
144,2023-03-04 14:45:46.501
145,2023-03-04 14:46:17.102
153,2023-03-04 14:47:13.284
89,2023-03-04 14:47:39.658
165,2023-03-04 14:47:53.471
12,2023-03-04 14:48:16.582
113,2023-03-04 14:48:26.629
81,2023-03-04 14:48:38.223
188,2023-03-04 14:48:38.411
65,2023-03-04 14:48:38.867
49,2023-03-04 14:48:39.021
155,2023-03-04 14:48:40.575
152,2023-03-04 14:48:41.398
111,2023-03-04 14:48:41.301
77,2023-03-04 14:48:41.596
136,2023-03-04 14:48:42.900
86,2023-03-04 14:48:48.916
128,2023-03-04 14:48:47.586
146,2023-03-04 14:48:49.068
100,2023-03-04 14:48:51.025
38,2023-03-04 14:48:51.679
9,2023-03-04 14:48:50.729
169,2023-03-04 14:48:57.721
112,2023-03-04 14:48:59.186
35,2023-03-04 14:48:59.714
140,2023-03-04 14:49:01.195
170,2023-03-04 14:49:00.419
169,2023-03-04 14:49:02.613
1,2023-03-04 14:49:02.910
141,2023-03-04 14:49:03.614
136,2023-03-04 14:49:04.870
128,2023-03-04 14:49:07.286
161,2023-03-04 14:49:10.038
84,2023-03-04 14:49:11.222
98,2023-03-04 14:49:12.090
1,2023-03-04 14:49:14.237
68,2023-03-04 14:49:19.745
84,2023-03-04 14:49:22.088
39,2023-03-04 14:49:22.018
91,2023-03-04 14:49:25.132
1,2023-03-04 14:49:29.669
169,2023-03-04 14:49:39.518
180,2023-03-04 14:50:10.913
37,2023-03-04 14:50:36.148
142,2023-03-04 14:50:37.053
84,2023-03-04 14:50:39.828
55,2023-03-04 14:50:45.271
84,2023-03-04 14:50:48.044
28,2023-03-04 14:50:59.109
84,2023-03-04 14:51:00.301
25,2023-03-04 14:51:07.482
158,2023-03-04 14:51:16.520
152,2023-03-04 14:51:19.902
7,2023-03-04 14:51:18.796
4,2023-03-04 14:51:40.963
27,2023-03-04 14:51:42.014
